line_number,raw_field_count,expected_field_count,repair_action,food_item_after_repair
2,12,12,no_repair_needed,Scrambled Eggs (2 large)
3,12,12,no_repair_needed,Whole Wheat Toast (1 slice)
4,12,12,no_repair_needed,Coffee (black)
5,12,12,no_repair_needed,Banana
6,12,12,no_repair_needed,Grilled Chicken Salad
7,12,12,no_repair_needed,Apple
8,12,12,no_repair_needed,Salmon (4oz grilled)
9,12,12,no_repair_needed,Quinoa (1 cup cooked)
10,12,12,no_repair_needed,Steamed Broccoli (1 cup)
11,12,12,no_repair_needed,Greek Yogurt (plain 1 cup)
12,12,12,no_repair_needed,Oatmeal (1 cup cooked)
13,12,12,no_repair_needed,Blueberries (1/2 cup)
14,12,12,no_repair_needed,Almonds (1 oz)
15,12,12,no_repair_needed,Turkey Sandwich (on wheat)
16,12,12,no_repair_needed,Carrot Sticks (1 cup)
17,12,12,no_repair_needed,Spaghetti Bolognese
18,12,12,no_repair_needed,Side Salad (light dressing)
19,12,12,no_repair_needed,Protein Shake (Whey)
20,12,12,no_repair_needed,Cereal (Frosted Flakes 1 cup)
21,13,12,food_item_comma_repaired,"Milk (2%, 1 cup)"
22,12,12,no_repair_needed,Lentil Soup (1 can)
23,12,12,no_repair_needed,White Rice (1 cup cooked)
24,12,12,no_repair_needed,Tofu Stir-fry
25,12,12,no_repair_needed,Orange
26,12,12,no_repair_needed,Bagel (plain)
27,12,12,no_repair_needed,Cream Cheese (2 tbsp)
28,12,12,no_repair_needed,Tuna Salad (1/2 cup)
29,12,12,no_repair_needed,Crackers (5 whole wheat)
30,12,12,no_repair_needed,Beef Steak (6oz sirloin)
31,12,12,no_repair_needed,Baked Potato (medium)
32,12,12,no_repair_needed,Ice Cream (1/2 cup vanilla)
33,12,12,no_repair_needed,Pizza (1 slice pepperoni)
34,12,12,no_repair_needed,Avocado Toast (1 slice)
35,12,12,no_repair_needed,Hard-Boiled Egg (1 large)
36,12,12,no_repair_needed,Chicken Wrap (with tortilla)
37,12,12,no_repair_needed,Grapes (1 cup)
38,12,12,no_repair_needed,Cottage Cheese (1/2 cup)
39,12,12,no_repair_needed,Burger (cheeseburger)
40,12,12,no_repair_needed,French Fries (medium)
41,12,12,no_repair_needed,Protein Bar
42,12,12,no_repair_needed,Black Beans (1/2 cup)
43,12,12,no_repair_needed,Salsa (1/4 cup)
44,12,12,no_repair_needed,Chicken Noodle Soup (1 can)
45,12,12,no_repair_needed,Peanut Butter (2 tbsp)
46,12,12,no_repair_needed,Celery Sticks (1 cup)
47,12,12,no_repair_needed,Cod (4oz baked)
48,12,12,no_repair_needed,Green Beans (1 cup)
49,12,12,no_repair_needed,Chocolate Chip Cookie (1 large)
50,13,12,food_item_comma_repaired,"Tea (Green, 1 cup)"
51,12,12,no_repair_needed,Shrimp (3oz steamed)
52,12,12,no_repair_needed,Pancakes (2 medium)
53,12,12,no_repair_needed,Maple Syrup (2 tbsp)
54,12,12,no_repair_needed,Sausage Link (1 cooked)
55,12,12,no_repair_needed,Smoothie (Fruit & Yogurt)
56,12,12,no_repair_needed,Tofu (4oz firm)
57,12,12,no_repair_needed,Brown Rice (1 cup cooked)
58,12,12,no_repair_needed,Bell Pepper (1 medium red)
59,12,12,no_repair_needed,Hummus (2 tbsp)
60,12,12,no_repair_needed,Pita Bread (1 whole wheat)
61,12,12,no_repair_needed,Pork Chop (4oz grilled)
62,12,12,no_repair_needed,Mashed Potatoes (1 cup)
63,12,12,no_repair_needed,Corn (1 cup)
64,12,12,no_repair_needed,Soda (1 can Coke)
65,12,12,no_repair_needed,Pretzels (1 oz)
66,12,12,no_repair_needed,Cheddar Cheese (1 oz)
67,12,12,no_repair_needed,Caesar Salad (with chicken)
68,12,12,no_repair_needed,Orange Juice (1 cup)
69,12,12,no_repair_needed,Bacon (2 slices cooked)
70,12,12,no_repair_needed,Waffles (2 homemade)
71,12,12,no_repair_needed,Pear
72,12,12,no_repair_needed,Chicken Breast (4oz roasted)
73,12,12,no_repair_needed,Mixed Nuts (1/4 cup)
74,12,12,no_repair_needed,Tilapia (4oz baked)
75,12,12,no_repair_needed,Asparagus (1 cup steamed)
76,12,12,no_repair_needed,Sweet Potato (1 medium baked)
77,12,12,no_repair_needed,Popcorn (3 cups air-popped)
78,12,12,no_repair_needed,Raisins (1/4 cup)
79,12,12,no_repair_needed,Macaroni & Cheese (1 cup)
80,12,12,no_repair_needed,Tomato Soup (1 can)
81,12,12,no_repair_needed,Grilled Cheese Sandwich
82,12,12,no_repair_needed,Beef Tacos (2 hard shell)
83,12,12,no_repair_needed,Refried Beans (1/2 cup)
84,12,12,no_repair_needed,Guacamole (1/4 cup)
85,12,12,no_repair_needed,Watermelon (1 cup diced)
86,12,12,no_repair_needed,English Muffin (whole wheat)
87,12,12,no_repair_needed,Peanut Butter & Jelly Sandwich
88,12,12,no_repair_needed,Clam Chowder (1 cup)
89,12,12,no_repair_needed,Iced Tea (Sweetened 16oz)
90,12,12,no_repair_needed,Lasagna (1 serving meat)
91,12,12,no_repair_needed,Garlic Bread (1 slice)
92,12,12,no_repair_needed,Chocolate Milk (1 cup)
93,12,12,no_repair_needed,White Bread (1 slice)
94,12,12,no_repair_needed,Jelly (1 tbsp grape)
95,12,12,no_repair_needed,Veggie Burger (1 patty)
96,12,12,no_repair_needed,Bun (hamburger)
97,12,12,no_repair_needed,Ketchup (1 tbsp)
98,12,12,no_repair_needed,Muffin (Blueberry 1 large)
99,12,12,no_repair_needed,Coffee (with cream/sugar)
100,12,12,no_repair_needed,Potato Chips (1 oz)
101,12,12,no_repair_needed,Tzatziki Sauce (2 tbsp)
102,12,12,no_repair_needed,Pancakes (2 medium)
103,12,12,no_repair_needed,Maple Syrup (2 tbsp)
104,12,12,no_repair_needed,Sausage Link (1 cooked)
105,12,12,no_repair_needed,Smoothie (Fruit & Yogurt)
106,12,12,no_repair_needed,Tofu (4oz firm)
107,12,12,no_repair_needed,Brown Rice (1 cup cooked)
108,12,12,no_repair_needed,Bell Pepper (1 medium red)
109,12,12,no_repair_needed,Hummus (2 tbsp)
110,12,12,no_repair_needed,Pita Bread (1 whole wheat)
111,12,12,no_repair_needed,Pork Chop (4oz grilled)
112,12,12,no_repair_needed,Mashed Potatoes (1 cup)
113,12,12,no_repair_needed,Corn (1 cup)
114,12,12,no_repair_needed,Soda (1 can Coke)
115,12,12,no_repair_needed,Pretzels (1 oz)
116,12,12,no_repair_needed,Cheddar Cheese (1 oz)
117,12,12,no_repair_needed,Caesar Salad (with chicken)
118,12,12,no_repair_needed,Orange Juice (1 cup)
119,12,12,no_repair_needed,Bacon (2 slices cooked)
120,12,12,no_repair_needed,Waffles (2 homemade)
121,12,12,no_repair_needed,Pear
122,12,12,no_repair_needed,Chicken Breast (4oz roasted)
123,12,12,no_repair_needed,Mixed Nuts (1/4 cup)
124,12,12,no_repair_needed,Tilapia (4oz baked)
125,12,12,no_repair_needed,Asparagus (1 cup steamed)
126,12,12,no_repair_needed,Sweet Potato (1 medium baked)
127,12,12,no_repair_needed,Popcorn (3 cups air-popped)
128,12,12,no_repair_needed,Raisins (1/4 cup)
129,12,12,no_repair_needed,Macaroni & Cheese (1 cup)
130,12,12,no_repair_needed,Tomato Soup (1 can)
131,12,12,no_repair_needed,Grilled Cheese Sandwich
132,12,12,no_repair_needed,Beef Tacos (2 hard shell)
133,12,12,no_repair_needed,Refried Beans (1/2 cup)
134,12,12,no_repair_needed,Guacamole (1/4 cup)
135,12,12,no_repair_needed,Watermelon (1 cup diced)
136,12,12,no_repair_needed,English Muffin (whole wheat)
137,12,12,no_repair_needed,Peanut Butter & Jelly Sandwich
138,12,12,no_repair_needed,Clam Chowder (1 cup)
139,12,12,no_repair_needed,Iced Tea (Sweetened 16oz)
140,12,12,no_repair_needed,Lasagna (1 serving meat)
141,12,12,no_repair_needed,Garlic Bread (1 slice)
142,12,12,no_repair_needed,Chocolate Milk (1 cup)
143,12,12,no_repair_needed,White Bread (1 slice)
144,12,12,no_repair_needed,Jelly (1 tbsp grape)
145,12,12,no_repair_needed,Veggie Burger (1 patty)
146,12,12,no_repair_needed,Bun (hamburger)
147,12,12,no_repair_needed,Ketchup (1 tbsp)
148,12,12,no_repair_needed,Muffin (Blueberry 1 large)
149,12,12,no_repair_needed,Coffee (with cream/sugar)
150,12,12,no_repair_needed,Potato Chips (1 oz)
151,12,12,no_repair_needed,Tzatziki Sauce (2 tbsp)
152,12,12,no_repair_needed,Scallops (3oz seared)
153,12,12,no_repair_needed,Risotto (Mushroom 1 cup)
154,12,12,no_repair_needed,Caprese Salad
155,12,12,no_repair_needed,Balsamic Vinaigrette (2 tbsp)
156,12,12,no_repair_needed,Cherries (1 cup)
157,12,12,no_repair_needed,Turkey Bacon (2 slices)
158,12,12,no_repair_needed,Grits (1 cup cooked)
159,12,12,no_repair_needed,Butter (1 tbsp)
160,12,12,no_repair_needed,Meatball Sub (6 inch)
161,12,12,no_repair_needed,Kiwifruit (1 medium)
162,12,12,no_repair_needed,Beef Jerky (1 oz)
163,12,12,no_repair_needed,Figs (2 medium)
164,12,12,no_repair_needed,Lobster (3oz steamed)
165,12,12,no_repair_needed,Melted Butter (for lobster)
166,12,12,no_repair_needed,Corn on the Cob (1 large)
167,12,12,no_repair_needed,Vegetable Soup (1 can)
168,12,12,no_repair_needed,Saltine Crackers (5 crackers)
169,12,12,no_repair_needed,Mango (1 cup slices)
170,12,12,no_repair_needed,Cheesecake (1 slice)
171,12,12,no_repair_needed,Pad Thai (Chicken 1.5 cups)
172,12,12,no_repair_needed,Spring Roll (Veg 2 rolls)
173,12,12,no_repair_needed,Coconut Water (1 cup)
174,12,12,no_repair_needed,Kimchi (1/2 cup)
175,12,12,no_repair_needed,Sashimi (Salmon 3 pcs)
176,12,12,no_repair_needed,Wasabi (1 tsp)
177,12,12,no_repair_needed,Seaweed Salad (1/2 cup)
178,12,12,no_repair_needed,French Onion Soup (1 cup)
179,12,12,no_repair_needed,Croutons (1/4 cup)
180,12,12,no_repair_needed,Shepherd's Pie (1 serving)
181,12,12,no_repair_needed,Green Peas (1/2 cup)
182,12,12,no_repair_needed,Apple Pie (1 slice)
183,12,12,no_repair_needed,Gin & Tonic (1 drink)
184,12,12,no_repair_needed,Red Wine (5 oz glass)
185,12,12,no_repair_needed,Halibut (4oz baked)
186,12,12,no_repair_needed,Quinoa Salad (1 cup)
187,12,12,no_repair_needed,Lemonade (1 cup)
188,12,12,no_repair_needed,Pistachios (1 oz shelled)
189,12,12,no_repair_needed,Oat Milk (1 cup)
190,12,12,no_repair_needed,Biscuits and Gravy (1 serving)
191,12,12,no_repair_needed,Avocado (1/2 fruit)
192,12,12,no_repair_needed,Corn Flakes (1 cup)
193,12,12,no_repair_needed,T-Bone Steak (6oz)
194,12,12,no_repair_needed,Creamed Spinach (1/2 cup)
195,12,12,no_repair_needed,Pecans (1 oz)
196,12,12,no_repair_needed,Fruit Cocktail (canned 1 cup)
197,12,12,no_repair_needed,Ramen (Instant 1 pack)
198,12,12,no_repair_needed,Mocha Latte (16oz)
199,12,12,no_repair_needed,Cucumber Slices (1 cup)
200,12,12,no_repair_needed,Feta Cheese (1 oz)
201,12,12,no_repair_needed,Olives (Kalamata 5 large)
202,12,12,no_repair_needed,Chicken Alfredo (1.5 cups)
203,12,12,no_repair_needed,Breadstick (1 large)
204,12,12,no_repair_needed,Cobb Salad
205,12,12,no_repair_needed,Blue Cheese Dressing (2 tbsp)
206,12,12,no_repair_needed,Mandarin Orange (1 medium)
207,12,12,no_repair_needed,Cashews (1 oz roasted)
208,12,12,no_repair_needed,Eggo Waffle (2 waffles)
209,12,12,no_repair_needed,Diet Soda (1 can)
210,12,12,no_repair_needed,Pulled Pork Sandwich
211,12,12,no_repair_needed,Macadamia Nuts (1 oz)
212,12,12,no_repair_needed,Crab Cakes (2 medium)
213,12,12,no_repair_needed,Tartar Sauce (2 tbsp)
214,12,12,no_repair_needed,Lemon Bar (1 square)
215,12,12,no_repair_needed,Almond Milk (Unsweetened 1 cup)
216,12,12,no_repair_needed,Rice Krispies (1.5 cups)
217,12,12,no_repair_needed,Sugar (1 tsp for cereal)
218,12,12,no_repair_needed,Tuna (Canned 3oz in water)
219,12,12,no_repair_needed,Mayonnaise (1 tbsp)
220,12,12,no_repair_needed,Pickle (1 spear dill)
221,12,12,no_repair_needed,Lobster Bisque (1 cup)
222,12,12,no_repair_needed,Reuben Sandwich
223,12,12,no_repair_needed,Sauerkraut (1/4 cup side)
224,12,12,no_repair_needed,Mushroom (White 1 cup sliced)
225,12,12,no_repair_needed,Soy Milk (Original 1 cup)
226,12,12,no_repair_needed,Chicken Tikka Masala (1.5 cups)
227,12,12,no_repair_needed,Naan Bread (1 piece)
228,12,12,no_repair_needed,Cucumber Salad (1/2 cup)
229,12,12,no_repair_needed,Vodka Soda (1 drink)
230,12,12,no_repair_needed,Chocolate Croissant
231,12,12,no_repair_needed,Sweet & Sour Chicken (1 cup)
232,12,12,no_repair_needed,Egg Drop Soup (1 cup)
233,12,12,no_repair_needed,String Cheese (1 stick)
234,12,12,no_repair_needed,Turkey Burger (1 patty)
235,13,12,food_item_comma_repaired,"Mustard (1 tbsp, yellow)"
236,12,12,no_repair_needed,Potato Salad (1/2 cup)
237,12,12,no_repair_needed,Cranberry Juice (1 cup)
238,13,12,food_item_comma_repaired,"Spinach (1 cup, raw)"
239,12,12,no_repair_needed,Chicken Piccata (1 serving)
240,12,12,no_repair_needed,Angel Hair Pasta (1 cup)
241,12,12,no_repair_needed,Olive Oil (1 tbsp)
242,12,12,no_repair_needed,Garlic (1 clove)
243,12,12,no_repair_needed,Salami (3 slices)
244,12,12,no_repair_needed,Provolone Cheese (1 slice)
245,12,12,no_repair_needed,Ginger Ale (1 can)
246,12,12,no_repair_needed,Shrimp Scampi (1 cup)
247,12,12,no_repair_needed,Tiramisu (1 slice)
248,12,12,no_repair_needed,Cereal Bar (Fruit)
249,12,12,no_repair_needed,Veal Parmesan (1 serving)
250,12,12,no_repair_needed,Spaghetti (side)
251,12,12,no_repair_needed,Hot Chocolate (1 cup)
252,12,12,no_repair_needed,Coconut Shrimp (5 pcs)
253,12,12,no_repair_needed,Sweet Chili Sauce (2 tbsp)
254,12,12,no_repair_needed,White Wine (5 oz glass)
255,12,12,no_repair_needed,Trail Mix (1/4 cup)
256,12,12,no_repair_needed,Onion Rings (6 rings)
257,12,12,no_repair_needed,Poached Egg (1 large)
258,12,12,no_repair_needed,Canadian Bacon (2 slices)
259,12,12,no_repair_needed,Eggs Benedict (1 serving)
260,12,12,no_repair_needed,Hollandaise Sauce (2 tbsp)
261,12,12,no_repair_needed,Spinach Artichoke Dip (1/4 cup)
262,12,12,no_repair_needed,Tortilla Chips (1 oz)
263,12,12,no_repair_needed,Chicken Kebab (2 skewers)
264,12,12,no_repair_needed,Bell Peppers & Onions (sautéed)
265,12,12,no_repair_needed,Hummus Wrap (large)
266,12,12,no_repair_needed,Kombucha (1 cup)
267,12,12,no_repair_needed,Beef Stroganoff (1.5 cups)
268,12,12,no_repair_needed,Egg Noodles (1 cup cooked)
269,12,12,no_repair_needed,Cottage Cheese (1 cup low fat)
270,12,12,no_repair_needed,Tomato (1 medium sliced)
271,12,12,no_repair_needed,Black Pepper (1 tsp)
272,12,12,no_repair_needed,Chocolate Pudding (1/2 cup)
273,12,12,no_repair_needed,Mackerel (3oz cooked)
274,12,12,no_repair_needed,Collard Greens (1 cup cooked)
275,12,12,no_repair_needed,Ham (3oz deli sliced)
276,12,12,no_repair_needed,Swiss Cheese (1 slice)
277,12,12,no_repair_needed,Rye Bread (1 slice)
278,12,12,no_repair_needed,Potato Leek Soup (1 cup)
279,12,12,no_repair_needed,Brie Cheese (1 oz)
280,12,12,no_repair_needed,Water Cracker (5 crackers)
281,12,12,no_repair_needed,Grapefruit (1/2 medium)
282,12,12,no_repair_needed,Veggie Straws (1 oz)
283,12,12,no_repair_needed,Fish Tacos (2 tacos)
284,12,12,no_repair_needed,Cabbage Slaw (side)
285,12,12,no_repair_needed,Lime (juice of 1)
286,12,12,no_repair_needed,Beer (12 oz light)
287,12,12,no_repair_needed,Danish (Cheese 1 medium)
288,12,12,no_repair_needed,Kefir (Plain 1 cup)
289,12,12,no_repair_needed,Gnocchi (1 cup)
290,12,12,no_repair_needed,Pesto Sauce (1/4 cup)
291,12,12,no_repair_needed,Pine Nuts (1 tbsp)
292,12,12,no_repair_needed,Chai Latte (12 oz)
293,12,12,no_repair_needed,Manicotti (2 shells cheese)
294,12,12,no_repair_needed,Italian Sausage (1 link)
295,12,12,no_repair_needed,Jicama (1 cup sticks)
296,12,12,no_repair_needed,Chili Powder (1 tsp)
297,12,12,no_repair_needed,Ants on a Log (4 pcs)
298,12,12,no_repair_needed,Split Pea Soup (1 cup)
299,12,12,no_repair_needed,Ham & Cheese Croissant
300,12,12,no_repair_needed,Espresso (double shot)
301,12,12,no_repair_needed,Ricotta Cheese (1/4 cup)
302,12,12,no_repair_needed,Chicken & Rice Soup (1 can)
303,12,12,no_repair_needed,Salt (1/4 tsp)
304,12,12,no_repair_needed,Guava
305,12,12,no_repair_needed,Club Sandwich
306,12,12,no_repair_needed,Pickle (1 whole dill)
307,12,12,no_repair_needed,Turkey Chili (1 cup)
308,12,12,no_repair_needed,Sour Cream (2 tbsp)
309,12,12,no_repair_needed,Shredded Cheese (Cheddar 1/4 cup)
310,12,12,no_repair_needed,Matcha Latte (12 oz)
311,12,12,no_repair_needed,Chocolate Donut (1 medium)
312,12,12,no_repair_needed,Tuna Melt
313,12,12,no_repair_needed,Apple Cider (1 cup)
314,12,12,no_repair_needed,Beef Burrito (large)
315,12,12,no_repair_needed,Pico de Gallo (1/4 cup)
316,12,12,no_repair_needed,Corn Tortilla (1 medium)
317,12,12,no_repair_needed,Mussels (3oz steamed)
318,12,12,no_repair_needed,White Wine Sauce (1/4 cup)
319,12,12,no_repair_needed,French Bread (2 slices)
320,12,12,no_repair_needed,Blackberries (1 cup)
321,12,12,no_repair_needed,Cheese Danish
322,12,12,no_repair_needed,Chicken Salad Sandwich
323,12,12,no_repair_needed,Soyrizo (2 oz)
324,12,12,no_repair_needed,Hash Browns (1 cup)
325,12,12,no_repair_needed,Ketchup (1 packet)
326,12,12,no_repair_needed,Philly Cheesesteak (6 inch)
327,12,12,no_repair_needed,Cheese Whiz (2 tbsp)
328,12,12,no_repair_needed,Onions (sautéed 1/4 cup)
329,12,12,no_repair_needed,Raspberries (1 cup)
330,12,12,no_repair_needed,Cheesy Grits (1 cup)
331,12,12,no_repair_needed,Collard Greens (with ham hock)
332,12,12,no_repair_needed,Fried Okra (1 cup)
333,12,12,no_repair_needed,Sweet Tea (16 oz)
334,12,12,no_repair_needed,Gyro (1 sandwich)
335,12,12,no_repair_needed,Pita Bread (White 1 large)
336,12,12,no_repair_needed,Tzatziki Sauce (2 tbsp)
337,12,12,no_repair_needed,Baklava (1 piece)
338,12,12,no_repair_needed,Coconut (shredded 1/4 cup)
339,12,12,no_repair_needed,S'more (1 serving)
340,12,12,no_repair_needed,Graham Cracker (1 large rectangle)
341,12,12,no_repair_needed,Marshmallow (1 large)
342,12,12,no_repair_needed,Chocolate (Hershey's bar 1 segment)
343,12,12,no_repair_needed,Chicken Parm Sandwich
344,12,12,no_repair_needed,Mozzarella (1 slice)
345,12,12,no_repair_needed,Bread Roll (hoagie)
346,12,12,no_repair_needed,Artichoke (1 medium steamed)
347,12,12,no_repair_needed,Mayonnaise (1 tbsp for dipping)
348,12,12,no_repair_needed,Calamari (fried 3oz)
349,12,12,no_repair_needed,Lemon Wedge (for calamari)
350,12,12,no_repair_needed,Root Beer (1 can)
351,12,12,no_repair_needed,Chicken McNuggets (6 pcs)
352,12,12,no_repair_needed,BBQ Sauce (2 tbsp)
353,12,12,no_repair_needed,Honey (1 tbsp)
354,12,12,no_repair_needed,Tofu Scramble
355,12,12,no_repair_needed,Turmeric (1 tsp)
356,12,12,no_repair_needed,Nutritional Yeast (1 tbsp)
357,12,12,no_repair_needed,Seitan (3oz)
358,12,12,no_repair_needed,Vegetable Broth (1 cup)
359,12,12,no_repair_needed,Mashed Cauliflower (1 cup)
360,12,12,no_repair_needed,Peanut Sauce (2 tbsp)
361,12,12,no_repair_needed,Tempeh (3oz)
362,12,12,no_repair_needed,Sauerkraut (1/2 cup)
363,12,12,no_repair_needed,Rye Crispbread (2 slices)
364,12,12,no_repair_needed,Capers (1 tbsp)
365,12,12,no_repair_needed,Chicken Liver (2 oz cooked)
366,12,12,no_repair_needed,Onion (1/2 cup raw chopped)
367,12,12,no_repair_needed,Bok Choy (1 cup steamed)
368,12,12,no_repair_needed,Gummy Bears (10 pcs)
369,12,12,no_repair_needed,Whiskey (1.5 oz shot)
370,12,12,no_repair_needed,Dates (2 medium Medjool)
371,12,12,no_repair_needed,Tahini (1 tbsp)
372,12,12,no_repair_needed,Chickpeas (1/2 cup canned)
373,12,12,no_repair_needed,Lettuce (Romaine 2 cups)
374,12,12,no_repair_needed,Italian Dressing (2 tbsp)
375,12,12,no_repair_needed,Croutons (1/4 cup)
376,12,12,no_repair_needed,Turkey Sausage (1 patty)
377,12,12,no_repair_needed,Maple Syrup (1 tbsp)
378,13,12,food_item_comma_repaired,"Margarita (1 drink, 4oz)"
379,12,12,no_repair_needed,Quesadilla (Cheese 1 medium)
380,12,12,no_repair_needed,Sour Cream (1 tbsp)
381,12,12,no_repair_needed,Salsa (2 tbsp)
382,12,12,no_repair_needed,Red Cabbage (1 cup raw)
383,12,12,no_repair_needed,Duck (3oz roasted)
384,12,12,no_repair_needed,Orange Sauce (1/4 cup for duck)
385,12,12,no_repair_needed,Wild Rice (1 cup cooked)
386,12,12,no_repair_needed,Cupcake (Vanilla 1 medium)
387,12,12,no_repair_needed,Frosting (Vanilla 2 tbsp)
388,12,12,no_repair_needed,Hot Sauce (1 tsp Tabasco)
389,12,12,no_repair_needed,Bison Burger (1 patty)
390,12,12,no_repair_needed,Pretzel Bun (1 medium)
391,12,12,no_repair_needed,Spicy Mustard (1 tbsp)
392,12,12,no_repair_needed,Pasta Salad (1 cup)
393,12,12,no_repair_needed,Salami (3 slices)
394,12,12,no_repair_needed,Pepperoncini (2 peppers)
395,12,12,no_repair_needed,Coconut Milk (1/4 cup canned)
396,12,12,no_repair_needed,Green Curry Paste (1 tbsp)
397,12,12,no_repair_needed,Chicken Thigh (1 roasted)
398,12,12,no_repair_needed,Jasmine Rice (1 cup cooked)
399,12,12,no_repair_needed,Thai Iced Tea (1 glass)
400,12,12,no_repair_needed,Papaya (1 cup cubes)
401,12,12,no_repair_needed,Lime Juice (1 tbsp)
402,12,12,no_repair_needed,Macaroni Salad (1 cup)
403,12,12,no_repair_needed,Celery (1 stalk)
404,12,12,no_repair_needed,Blue Cheese (1 oz)
405,12,12,no_repair_needed,Dark Chocolate (1 oz 70%)
406,12,12,no_repair_needed,Acai Bowl (1 serving)
407,12,12,no_repair_needed,Granola (1/4 cup topping)
408,12,12,no_repair_needed,Coconut Flakes (1 tbsp topping)
409,12,12,no_repair_needed,Honey (1 tsp drizzle)
410,12,12,no_repair_needed,Shrimp Cocktail (4 large shrimp)
411,12,12,no_repair_needed,Cocktail Sauce (2 tbsp)
412,12,12,no_repair_needed,Pork Bun (1 steamed)
413,12,12,no_repair_needed,Dim Sum (Siu Mai 3 pcs)
414,12,12,no_repair_needed,Soy Sauce (1 tbsp for dipping)
415,12,12,no_repair_needed,Oyster (1 medium raw)
416,12,12,no_repair_needed,Mignonette Sauce (1 tbsp)
417,12,12,no_repair_needed,Beef Pho (1 large bowl)
418,12,12,no_repair_needed,Bean Sprouts (1/4 cup garnish)
419,12,12,no_repair_needed,Thai Basil (garnish)
420,12,12,no_repair_needed,Lime Wedge (garnish)
421,12,12,no_repair_needed,Jalapeno (1 tbsp sliced)
422,12,12,no_repair_needed,Hoisin Sauce (1 tbsp)
423,12,12,no_repair_needed,Sriracha (1 tsp)
424,12,12,no_repair_needed,Crepe (1 plain)
425,12,12,no_repair_needed,Nutella (1 tbsp)
426,12,12,no_repair_needed,Powdered Sugar (1 tsp)
427,12,12,no_repair_needed,Sake (3 oz)
428,12,12,no_repair_needed,Edamame (in pod 1 cup)
429,12,12,no_repair_needed,Sea Salt (coarse 1/4 tsp)
430,12,12,no_repair_needed,Biryani (Chicken 1.5 cups)
431,12,12,no_repair_needed,Raita (2 tbsp)
432,12,12,no_repair_needed,Lassi (Mango 1 cup)
433,12,12,no_repair_needed,Samosa (1 piece vegetable)
434,12,12,no_repair_needed,Tamarind Chutney (1 tbsp)
435,12,12,no_repair_needed,Mint Chutney (1 tbsp)
436,12,12,no_repair_needed,Pani Puri (6 pcs)
437,12,12,no_repair_needed,Passion Fruit (1 fruit)
438,12,12,no_repair_needed,Kimchi Jjigae (1 bowl)
439,12,12,no_repair_needed,Silken Tofu (3oz in soup)
440,12,12,no_repair_needed,Pork Belly (1 oz in soup)
441,12,12,no_repair_needed,Gochugaru (1 tsp)
442,12,12,no_repair_needed,Gochujang (1 tbsp)
443,12,12,no_repair_needed,Sesame Oil (1 tsp)
444,12,12,no_repair_needed,Fish Sauce (1 tsp)
445,13,12,food_item_comma_repaired,"Sugar (1 tsp, in broth)"
446,12,12,no_repair_needed,Green Onion (1 tbsp garnish)
447,12,12,no_repair_needed,Kombucha (16 oz)
448,12,12,no_repair_needed,Beef Wellington (1 slice)
449,12,12,no_repair_needed,Pate (Mushroom 2 tbsp)
450,12,12,no_repair_needed,Puff Pastry (1 oz wrapper)
451,12,12,no_repair_needed,Prosciutto (1 slice)
452,12,12,no_repair_needed,Asparagus (6 spears roasted)
453,12,12,no_repair_needed,Hollandaise Sauce (1 tbsp)
454,12,12,no_repair_needed,Flan (1 slice)
455,12,12,no_repair_needed,Caramel Sauce (1 tbsp)
456,12,12,no_repair_needed,Congee (1 cup plain)
457,12,12,no_repair_needed,Pickled Radish (1/4 cup)
458,12,12,no_repair_needed,Pork Floss (1 tbsp)
459,12,12,no_repair_needed,Century Egg (1 egg)
460,12,12,no_repair_needed,Arugula (2 cups)
461,12,12,no_repair_needed,Goat Cheese (1 oz)
462,12,12,no_repair_needed,Beets (1/2 cup roasted)
463,12,12,no_repair_needed,Walnuts (1 tbsp chopped)
464,12,12,no_repair_needed,Balsamic Glaze (1 tbsp)
465,12,12,no_repair_needed,Bobotie (1 serving)
466,12,12,no_repair_needed,Yellow Rice (1 cup)
467,12,12,no_repair_needed,Chutney (Mango 1 tbsp)
468,12,12,no_repair_needed,Malva Pudding (1 slice)
469,12,12,no_repair_needed,Custard (1/4 cup)
470,12,12,no_repair_needed,Bubble Tea (16 oz milk tea)
471,12,12,no_repair_needed,Tapioca Pearls (1/4 cup boba)
472,12,12,no_repair_needed,Paella (1.5 cups seafood)
473,12,12,no_repair_needed,Chorizo (1 oz in paella)
474,12,12,no_repair_needed,Saffron (pinch)
475,12,12,no_repair_needed,Aioli (Garlic 1 tbsp)
476,12,12,no_repair_needed,Gazpacho (1 cup)
477,12,12,no_repair_needed,Croutons (Garlic 1/4 cup)
478,12,12,no_repair_needed,Olive Oil (1 tsp garnish)
479,12,12,no_repair_needed,Churros (2 sticks)
480,12,12,no_repair_needed,Chocolate Sauce (1 tbsp dipping)
481,12,12,no_repair_needed,Cinnamon Sugar (1 tsp)
482,12,12,no_repair_needed,Horchata (1 cup)
483,12,12,no_repair_needed,Ceviche (1 cup fish)
484,12,12,no_repair_needed,Red Onion (1/4 cup in ceviche)
485,12,12,no_repair_needed,Cilantro (2 tbsp garnish)
486,12,12,no_repair_needed,Corn Nuts (1 oz)
487,12,12,no_repair_needed,Lomo Saltado (1.5 cups)
488,12,12,no_repair_needed,French Fries (as side)
489,12,12,no_repair_needed,Soy Sauce (1 tbsp in stir-fry)
490,12,12,no_repair_needed,Aji Amarillo Paste (1 tsp)
491,12,12,no_repair_needed,Pisco Sour (1 drink)
492,12,12,no_repair_needed,Egg White (in drink)
493,12,12,no_repair_needed,Angostura Bitters (dash)
494,12,12,no_repair_needed,Alfajores (1 cookie)
495,12,12,no_repair_needed,Dulce de Leche (1 tbsp filling)
496,12,12,no_repair_needed,Coconut (shredded garnish)
497,12,12,no_repair_needed,Mate (1 cup)
498,12,12,no_repair_needed,Media Luna (1 pastry)
499,12,12,no_repair_needed,Chimichurri (1 tbsp)
500,12,12,no_repair_needed,Skirt Steak (4oz grilled)
501,12,12,no_repair_needed,Provoleta (1 oz grilled cheese)
502,12,12,no_repair_needed,Oregano (1 tsp)
503,12,12,no_repair_needed,Empanada (Beef 1 medium)
504,12,12,no_repair_needed,Chicken Milanesa (1 serving)
505,12,12,no_repair_needed,Mashed Potatoes (side)
506,12,12,no_repair_needed,Flan (1 slice)
507,12,12,no_repair_needed,Choripan (1 sandwich)
508,12,12,no_repair_needed,Baguette (slice)
509,12,12,no_repair_needed,Chimichurri (1 tbsp)
510,12,12,no_repair_needed,Pizza (Margherita 1 slice)
511,12,12,no_repair_needed,Fresh Mozzarella (1 oz)
512,12,12,no_repair_needed,Basil (2 tbsp fresh)
513,12,12,no_repair_needed,Carbonara (1.5 cups)
514,12,12,no_repair_needed,Guanciale (1 oz)
515,12,12,no_repair_needed,Pecorino Cheese (1 tbsp)
516,12,12,no_repair_needed,Black Pepper (1/4 tsp)
517,12,12,no_repair_needed,Egg Yolk (1 large in sauce)
518,12,12,no_repair_needed,Supplì (1 piece fried rice ball)
519,12,12,no_repair_needed,Aperol Spritz (1 drink)
520,12,12,no_repair_needed,Prosecco (3 oz)
521,12,12,no_repair_needed,Club Soda (2 oz)
522,12,12,no_repair_needed,Orange Slice (garnish)
523,12,12,no_repair_needed,Tagliatelle al Ragù (Bolognese)
524,12,12,no_repair_needed,Ground Beef (2 oz in sauce)
525,12,12,no_repair_needed,Pancetta (0.5 oz in sauce)
526,12,12,no_repair_needed,Carrot (1/4 minced in sauce)
527,12,12,no_repair_needed,Celery (1/4 stalk minced)
528,12,12,no_repair_needed,Onion (1/8 minced in sauce)
529,12,12,no_repair_needed,Crushed Tomatoes (1/2 cup sauce)
530,12,12,no_repair_needed,Parmigiano-Reggiano (1 tbsp)
531,12,12,no_repair_needed,Cannoli (1 medium)
532,12,12,no_repair_needed,Ricotta (filling 1 oz)
533,12,12,no_repair_needed,Pistachio (garnish)
534,12,12,no_repair_needed,Biscotti (1 cookie)
535,12,12,no_repair_needed,Espresso (for dipping)
536,12,12,no_repair_needed,Focaccia (1 square)
537,12,12,no_repair_needed,Rosemary (1 tsp topping)
538,12,12,no_repair_needed,Coarse Salt (garnish)
539,12,12,no_repair_needed,Olive Oil (1 tbsp drizzle)
540,12,12,no_repair_needed,Bruschetta (2 pcs)
541,12,12,no_repair_needed,Balsamic Glaze (1 tsp)
542,12,12,no_repair_needed,Ribollita (1.5 cups soup)
543,12,12,no_repair_needed,Cannellini Beans (1/2 cup in soup)
544,12,12,no_repair_needed,Kale (1 cup in soup)
545,12,12,no_repair_needed,Stale Bread (1/2 cup in soup)
546,12,12,no_repair_needed,Polenta (1 cup creamy)
547,12,12,no_repair_needed,Gorgonzola Cheese (1 oz)
548,12,12,no_repair_needed,Negroni (1 drink)
549,12,12,no_repair_needed,Gin (1 oz)
550,12,12,no_repair_needed,Campari (1 oz)
551,12,12,no_repair_needed,Sweet Vermouth (1 oz)
552,12,12,no_repair_needed,Orange Peel (garnish)
553,12,12,no_repair_needed,Osso Buco (1 serving)
554,12,12,no_repair_needed,Gremolata (1 tbsp)
555,12,12,no_repair_needed,Risotto alla Milanese (1 cup)
556,12,12,no_repair_needed,Saffron (pinch in risotto)
557,12,12,no_repair_needed,Panettone (1 slice)
558,12,12,no_repair_needed,Candied Fruit (1 tbsp)
559,12,12,no_repair_needed,Amaretti Cookie (2 cookies)
560,12,12,no_repair_needed,Limoncello (1.5 oz shot)
561,12,12,no_repair_needed,Panna Cotta (1 serving)
562,12,12,no_repair_needed,Berry Coulis (1 tbsp)
563,12,12,no_repair_needed,Saltimbocca (1 serving)
564,12,12,no_repair_needed,Prosciutto (1 slice wrapper)
565,12,12,no_repair_needed,Sage (2 leaves)
566,12,12,no_repair_needed,White Wine Sauce (1/4 cup)
567,12,12,no_repair_needed,Polenta (grilled 1 slice)
568,12,12,no_repair_needed,Caponata (1/2 cup)
569,12,12,no_repair_needed,Eggplant (1/2 cup in caponata)
570,12,12,no_repair_needed,Pine Nuts (1/2 tbsp)
571,12,12,no_repair_needed,Raisins (1 tbsp)
572,12,12,no_repair_needed,Gelato (Pistachio 1/2 cup)
573,12,12,no_repair_needed,Waffle Cone (1 small)
574,12,12,no_repair_needed,Cacio e Pepe (1.5 cups)
575,12,12,no_repair_needed,Pecorino Romano (1/4 cup)
576,12,12,no_repair_needed,Black Pepper (1/2 tsp)
577,12,12,no_repair_needed,Fiorentina Steak (3oz portion)
578,12,12,no_repair_needed,Olive Oil (1 tbsp drizzle)
579,12,12,no_repair_needed,Rosemary (garnish)
580,12,12,no_repair_needed,White Beans (Tuscan style 1/2 cup)
581,12,12,no_repair_needed,Garlic (1 clove in beans)
582,12,12,no_repair_needed,Sage (in beans)
583,12,12,no_repair_needed,Arancini (1 large ball)
584,12,12,no_repair_needed,Ragù (filling 1 tbsp)
585,12,12,no_repair_needed,Mozzarella (filling 0.5 oz)
586,12,12,no_repair_needed,Breadcrumbs (coating)
587,12,12,no_repair_needed,Campari & Soda (1 drink)
588,12,12,no_repair_needed,Olive (garnish)
589,12,12,no_repair_needed,Vitello Tonnato (1 serving)
590,12,12,no_repair_needed,Tuna Sauce (2 tbsp)
591,12,12,no_repair_needed,Capers (garnish)
592,12,12,no_repair_needed,Lemon Slice (garnish)
593,12,12,no_repair_needed,Gnocchi alla Sorrentina (1.5 cups)
594,12,12,no_repair_needed,Tomato Sauce (1/2 cup)
595,12,12,no_repair_needed,Mozzarella (1 oz melted)
596,12,12,no_repair_needed,Basil (fresh garnish)
597,12,12,no_repair_needed,Parmigiano-Reggiano (1 tbsp)
598,12,12,no_repair_needed,Pesto (1/4 cup)
599,12,12,no_repair_needed,Pine Nuts (1 tbsp in pesto)
600,12,12,no_repair_needed,Garlic (1/2 clove in pesto)
601,12,12,no_repair_needed,Trofie Pasta (1 cup cooked)
602,12,12,no_repair_needed,Green Beans (1/2 cup w/ pasta)
603,12,12,no_repair_needed,Potato (1/2 w/ pasta)
604,12,12,no_repair_needed,Espresso Martini (1 drink)
605,12,12,no_repair_needed,Vodka (1.5 oz)
606,12,12,no_repair_needed,Coffee Liqueur (1 oz)
607,12,12,no_repair_needed,Espresso (1 oz in drink)
608,12,12,no_repair_needed,Simple Syrup (1/2 oz)
609,12,12,no_repair_needed,Coffee Beans (3 garnish)
610,12,12,no_repair_needed,Baba Ganoush (1/4 cup)
611,12,12,no_repair_needed,Pita Bread (1 white)
612,12,12,no_repair_needed,Falafel (3 pieces)
613,12,12,no_repair_needed,Tahini Sauce (1 tbsp)
614,12,12,no_repair_needed,Pickled Turnips (2 tbsp)
615,12,12,no_repair_needed,Shawarma (Chicken 1 wrap)
616,12,12,no_repair_needed,Garlic Sauce (1 tbsp)
617,12,12,no_repair_needed,Hummus (1/4 cup)
618,12,12,no_repair_needed,Tabouli (1/2 cup)
619,12,12,no_repair_needed,Bulgur (1/4 cup in tabouli)
620,12,12,no_repair_needed,Parsley (1/4 cup in tabouli)
621,12,12,no_repair_needed,Mint (1 tbsp in tabouli)
622,12,12,no_repair_needed,Lemon Juice (1 tbsp dressing)
623,12,12,no_repair_needed,Olive Oil (1 tbsp dressing)
624,12,12,no_repair_needed,Kibbeh (1 piece fried)
625,12,12,no_repair_needed,Pine Nuts (1/2 tbsp filling)
626,12,12,no_repair_needed,Ground Lamb (1 oz filling)
627,12,12,no_repair_needed,Bulgur (1 tbsp shell)
628,12,12,no_repair_needed,Lentil Soup (1 cup Middle Eastern)
629,12,12,no_repair_needed,Cumin (1 tsp)
630,12,12,no_repair_needed,Coriander (1 tsp)
631,12,12,no_repair_needed,Lemon Juice (1 tsp in soup)
632,12,12,no_repair_needed,Pita Crisps (1 oz)
633,12,12,no_repair_needed,Manakeesh (Za'atar 1 small)
634,12,12,no_repair_needed,Za'atar (1 tbsp)
635,12,12,no_repair_needed,Olive Oil (1 tbsp on bread)
636,12,12,no_repair_needed,Labneh (2 tbsp)
637,12,12,no_repair_needed,Cucumber (1/4 cup side)
638,12,12,no_repair_needed,Tomato (1/4 cup side)
639,12,12,no_repair_needed,Olives (5 side)
640,12,12,no_repair_needed,Mint Tea (1 cup)
641,12,12,no_repair_needed,Stuffed Grape Leaves (3 pcs)
642,12,12,no_repair_needed,Rice (1/4 cup filling)
643,12,12,no_repair_needed,Turkish Coffee (1 small cup)
644,12,12,no_repair_needed,Cardamom (in coffee)
645,12,12,no_repair_needed,Shish Tawook (2 skewers)
646,12,12,no_repair_needed,Garlic Sauce (Toum 1 tbsp)
647,12,12,no_repair_needed,French Fries (side)
648,12,12,no_repair_needed,Pickled Cucumber (1/4 cup)
649,12,12,no_repair_needed,Fattoush Salad (1.5 cups)
650,12,12,no_repair_needed,Fried Pita (1/2 pita in salad)
651,12,12,no_repair_needed,Sumac (1/2 tsp dressing)
652,12,12,no_repair_needed,Pomegranate Molasses (1 tsp)
